{"time": [0.0, 0.010101010101010102, 0.020202020202020204, 0.030303030303030304, 0.04040404040404041, 0.05050505050505051, 0.06060606060606061, 0.07070707070707072, 0.08080808080808081, 0.09090909090909091, 0.10101010101010102, 0.11111111111111112, 0.12121212121212122, 0.13131313131313133, 0.14141414141414144, 0.15151515151515152, 0.16161616161616163, 0.17171717171717174, 0.18181818181818182, 0.19191919191919193, 0.20202020202020204, 0.21212121212121213, 0.22222222222222224, 0.23232323232323235, 0.24242424242424243, 0.25252525252525254, 0.26262626262626265, 0.27272727272727276, 0.2828282828282829, 0.29292929292929293, 0.30303030303030304, 0.31313131313131315, 0.32323232323232326, 0.33333333333333337, 0.3434343434343435, 0.3535353535353536, 0.36363636363636365, 0.37373737373737376, 0.38383838383838387, 0.393939393939394, 0.4040404040404041, 0.4141414141414142, 0.42424242424242425, 0.43434343434343436, 0.4444444444444445, 0.4545454545454546, 0.4646464646464647, 0.4747474747474748, 0.48484848484848486, 0.494949494949495, 0.5050505050505051, 0.5151515151515152, 0.5252525252525253, 0.5353535353535354, 0.5454545454545455, 0.5555555555555556, 0.5656565656565657, 0.5757575757575758, 0.5858585858585859, 0.595959595959596, 0.6060606060606061, 0.6161616161616162, 0.6262626262626263, 0.6363636363636365, 0.6464646464646465, 0.6565656565656566, 0.6666666666666667, 0.6767676767676768, 0.686868686868687, 0.696969696969697, 0.7070707070707072, 0.7171717171717172, 0.7272727272727273, 0.7373737373737375, 0.7474747474747475, 0.7575757575757577, 0.7676767676767677, 0.7777777777777778, 0.787878787878788, 0.797979797979798, 0.8080808080808082, 0.8181818181818182, 0.8282828282828284, 0.8383838383838385, 0.8484848484848485, 0.8585858585858587, 0.8686868686868687, 0.8787878787878789, 0.888888888888889, 0.8989898989898991, 0.9090909090909092, 0.9191919191919192, 0.9292929292929294, 0.9393939393939394, 0.9494949494949496, 0.9595959595959597, 0.9696969696969697, 0.9797979797979799, 0.98989898989899, 1.0], "parameters": {"par_x": [0.5165028116188881, 0.9295677881914624, 0.22431295830785403, 0.7932622122743042, 0.9310768199766264, 0.07200663214173597, 0.23168419375347893, 0.679864772219831, 0.9414439417284456, 0.07970526464237349, 0.4436813407465474, 0.3098732800901658, 0.23039162528004986, 0.27105309889411355, 0.18176721704646503, 0.42406924891448083, 0.5326570524796714, 0.5226993707387706, 0.37520492976301467, 0.6278128566048456, 0.4225788375506061, 0.9823421547907487, 0.9492896179768616, 0.0690769836539098, 0.9645035065124867, 0.374907820647169, 0.029093441457066938, 0.39546547002140653, 0.022177337327619062, 0.13310451909708343, 0.941502116383032, 0.9734788102367556, 0.2983354114033082, 0.28989069643008547, 0.8196683371841105, 0.027882566448809043, 0.6309708997009991, 0.3169017116728837, 0.7514581686989327, 0.7125521018242816, 0.13247968652930464, 0.9559176805684564, 0.6028249479711222, 0.22327311656253723, 0.28419905007251134, 0.24197426501007135, 0.6460335468242011, 0.5028201817903056, 0.4104460810285234, 0.8211578079154974, 0.013635823800307034, 0.4765569739678486, 0.438103973146471, 0.43548247039840027, 0.1933937417452709, 0.717539118469918, 0.06758869367836184, 0.6886228340803091, 0.31620929232910966, 0.9786652418368083, 0.5071358728148616, 0.41691077524702846, 0.5187862115714483, 0.49411048806269897, 0.6192117099296379, 0.7025895805329732, 0.3514684108841707, 0.5455201519103599, 0.585701927874561, 0.18873745424708332, 0.20765995037954288, 0.4728207395753742, 0.6192775238611374, 0.30542720085842434, 0.35401191338035753, 0.11369243283811348, 0.754697994122575, 0.7850355438308739, 0.744723982677536, 0.2762044190837325, 0.7027001864862733, 0.3455499653446419, 0.854279524499083, 0.2914234128789672, 0.9004821092268352, 0.822609081412211, 0.7369016244814147, 0.11743504001017568, 0.12501917365470472, 0.30846005638939433, 0.5911482414906378, 0.005076292627188783, 0.21528099616306884, 0.8194868760835547, 0.2030430150218625, 0.4608096124945855, 0.48792986229862656, 0.3253599366969232, 0.4111040163717329, 0.9334446295398467], "par_y": [0.3668006004333271, 0.6702257023934707, 0.12990022748734842, 0.15857685696134272, 0.9039370877960017, 0.9595145163736772, 0.7456671419100107, 0.9971368387980614, 0.03002639052611178, 0.6270771094392561, 0.8698613406031358, 0.48649947340355226, 0.07599445855495723, 0.5789227606233394, 0.6466345389039245, 0.045401340043088934, 0.5628380720653307, 0.4910130304168635, 0.23280796764410372, 0.7469332582834618, 0.8835717886557011, 0.7410281703084219, 0.060926327243431944, 0.5473433881999799, 0.7369856590314918, 0.8375026163278995, 0.006274931644083659, 0.19937982474611915, 0.5726658042389581, 0.07204957248919985, 0.31246020473434766, 0.8295934216240425, 0.505181716099286, 0.8514887971929535, 0.8561040869944645, 0.4515141850863479, 0.11185485528177241, 0.1879504007506868, 0.7303481238700907, 0.04851317206862493, 0.9059230148235253, 0.3879225287297422, 0.15525876426159613, 0.8393301093614524, 0.7490367275162423, 0.17950399284506235, 0.04782171863771667, 0.07019882564946067, 0.7329528840679318, 0.3570323665429481, 0.016172579942983267, 0.6475813381987128, 0.6762103703597703, 0.7617949888252274, 0.24094253687808653, 0.29589392618074106, 0.9274958752053573, 0.41860292982881486, 0.12943469319906442, 0.36651918255100346, 0.6731203918469391, 0.642565270911128, 0.772196498432678, 0.5832603229145353, 0.5912914609881266, 0.3845311497319045, 0.00914412893386507, 0.1977143688520795, 0.38757583470787726, 0.9668294281635451, 0.10807243030738733, 0.6674811875001648, 0.940411209364853, 0.7507748066472586, 0.10778205080122694, 0.8804510347371812, 0.6366363049937025, 0.15703885479543522, 0.82161936320489, 0.5029465968508647, 0.8359278946205353, 0.006545507621059321, 0.8021195265088814, 0.876147807088327, 0.5645609637191105, 0.0847467207300161, 0.21333757137045584, 0.28091845377732005, 0.3487003315460393, 0.35491103249810885, 0.945443577795417, 0.9355706196495726, 0.5441342199694249, 0.5219248463540411, 0.3361714857737249, 0.2768528712630244, 0.6689882760340221, 0.6304240985854246, 0.7885957101103657, 0.8391891366466673],