{"parameters": {"par_x": [0.6870308670493935, -1.3657188535439346, -0.9671096875837669, 0.5884981029251752, -0.37474906903767485, -0.9012312968968931, -0.3139004914271104, -0.13447088660607567, -1.455052486162483, -1.5935348538619705, -0.6798183881225417, -1.5767154144099298, -0.9118752204431745, -0.5145004849981287, 1.003002897214469, 1.0495442288500128, -0.19809669822327639, 3.1934618900626566, 0.8177297215186825, 1.3521234579313712, -0.1579719065270034, -0.868416469101097, 0.2697394902401431, 1.2560403535546578, 0.9995799516741745, 0.19829569221222598, 0.426882859293985, 1.196332852486849, 1.8674717293232346, 0.24951390833882037, 1.0789210543000538, -1.530799347315997, -0.07098593341476551, -0.9170308897839885, 1.503859426012178, 0.9539694868989648, -1.1955576569160087, 0.351586035835564, -1.4319976043460112, -0.7266477137847184, 0.43625867828279025, 1.0838098028771246, -0.24465949008238325, -0.8380730470220847, -1.4232714569912517, -1.1320802866707274, -0.09693736394927312, 0.4723964562043383, -1.104118762333868, -0.6630862517708375, -0.3636548638390737, 0.39357590067801007, -0.35500409270223154, 2.036205573026158, -0.5652209692480021, -1.8550089269898575, 0.18815977126199263, 0.5090774699380899, 0.0830182953087154, 1.213987356644117, 0.8847017475661668, -0.33727045779460213, 1.0965212242599225, 1.0730193444088674, 0.6112243202052074, -0.5249931612466983, -0.001252232983537143, -0.9410894473269105, -1.2489540189295403, -1.1832130886031094, -1.2590432748353646, -0.43338072456390037, 0.6375809937622745, -0.4201307033966801, -0.0724841760132834, 1.8306407414826917, -1.1827328577714622, 1.1491009009849225, 0.50418206205656, 0.9285090704236791, 0.5039569202320018, 0.8813920853566507, 0.5698654069636625, -0.49038586339896567, -0.4492297072389979, 0.6968985619768662, -0.5768995797209103, -0.33197831972002395, -0.9071213030723267, -0.7482448521568924, 0.6579011781899583, -1.5718867561785665, 0.8863764598434422, -1.8028911934174945, 1.2451249515761773, -0.17050484388705042, -0.04424733363172267, 3.3390480795696713, 0.2854697735122999, -0.2901911119546222], "par_y": [0.18051780010266538, 0.347889307794611, 0.40771889041205156, -0.9657191829826722, 1.2269751618171971, -1.877112244550494, -1.3412819588514717, -1.675205320517414, -0.34916974304405257, -1.1350093758168078, 0.4743840374484115, -0.2552191572395524, -0.6173293936357981, -0.4473747375980841, -0.038621303146424035, 1.626498735746383, -0.48269943719420355, 0.9698423940535719, -0.12116436497115145, -0.545424271482418, 0.3300068068381495, 2.547704853943027, -0.4771158406490753, -0.6419130309016784, 0.7505409714714414, -1.4873620073937297, -0.8929757939334806, -0.7968976444190973, 0.04398890567136893, 0.24814513533639293, -0.7637235755239444, -0.068753483893154, -0.024342033656657817, 0.9225948951676125, -0.8022928750071658, -1.6544029459520764, -0.38009344033226117, 1.0125865357052575, -0.5055214599635255, -0.8584661069139314, -1.3979640689593256, -0.39331674890332086, 0.34517604536871055, 0.11585514755298186, -0.18047989346593643, -1.8370822939485607, -0.5149304781982632, 0.2590278710687708, 1.199624573909521, -0.17796829317182955, 0.21612039972212727, 0.34255087316347393, 1.3478139185836377, 1.5775029156469718, -0.8798458904865215, 1.4434212274456686, 0.06187989108089077, -0.21744062524034785, 0.5731369565102606, -1.0324327125556954, -0.7216190764365243, -0.20874885313164734, 0.29810112198190897, 0.9092615263925172, -0.030549669066430904, 0.06783552501766386, -0.08030381628911518, -1.2781327864051424, -0.050387968436031765, -0.40868133180922983, 0.028976333854718865, -0.32577159637624176, 0.28027531113926996, 0.630237121526999, -1.0355328602804013, -0.699549401870772, 2.0778035054725863, -0.5631600718791419, -0.8317483269268467, -0.16162597959341243, -0.3439320583799731, -0.7508008184746301, 0.026939968685135877, -0.4033593704351401, -1.0671857679716035, 0.26273122359655915, 1.7239328523545714, 1.9817444619634974, -0.5000647133840727, -0.7249626586899488, -0.4349913613023466, -0.6091672046219365, 1.0685562913197506, -0.5817311873991863, 0.30925509735752527, 1.524501866371843, -2.8548229181882836, -0.99245060503581, 1.3213576131342566, -0.007963613903503195], "par_q": [0.4570151674051645, 0.6829018616814455, 0.24406958666307527, 0.4103961502666189, -0.9529821940219021, -1.6735460485681484, 0.6576877384061819, -1.4932624906955296, -0.4483508577557264, 0.9349626003797529, -0.27829588983093256, 0.8846027110622827, 0.13046500171742315, 1.3983081696592046, 1.8749589061156051, -0.019066188467420673, -1.2847544030262068, 0.833419178059896, -0.2971326076468889, 0.9983381139657296, 0.5719923763839293, 0.17474601035707654, 1.3562153271020703, -2.07581810975156, -0.4226767495392285, 1.160790415046144, 1.1003202099124716, 0.5776088727200507, 0.292113584764691, 1.4435312040892292, -2.5627706940292767, 0.9759132708822209, 1.045347805482508, -0.30564479295435953, -0.027043481251832768, -0.04523304924664625, 0.3946051030411761, -2.0992707626576337, 0.7497898448018803, -0.21891059341202426, -1.3023851850709771, 1.1269135600153124, 0.8803784519373046, -0.09784161561999367, 1.2879607878944352, 1.481743331586413, -0.7309607675432495, -0.13322822088046934, 2.129475083712768, 1.5722252147058942, -0.1258568409431887, 1.0077557513870867, 0.821632944328928, -0.8397703642558785, -0.5555669221202846, 1.005720350067887, 0.37338990537880046, 0.5206795516008744, 0.5440367758226632, -0.555636627380346, 0.7912016884769172, -1.3126600563003867, -1.4570306959083623, 0.5824045126751513, -0.36501280396009567, 0.14802921233009245, 0.3636995471612867, 0.8126232303519537, 0.005410732972795072, -1.2880525507255356, 0.0219398506359945, -0.03514636220055099, -0.7254658921411471, -1.1785285538402024, -0.07551501517839038, -1.2708873977330932, -0.19032081572790158, 0.9558214940148061, -3.189921317969573, 0.6897490080874443, -1.5161799823673865, -1.0129874224928452, -0.7651887830928215, -0.494726125044267, 1.543468960344255, 2.5869368681825824, -0.3444518467635551, -0.28105842016591026, -0.6984439919168106, 0.545794782449963, -0.43161413100392276, -0.7477103242003587, 0.27402998726363914, -0.9656085300369361, 0.9763436672441338, -0.5531396150670072, 2.5870910018949362, 1.5631258248347826, 0.923830281807448, -0.07653084152963475]},