{"parameters": {"par_x": [0.36723763635952034, 0.21684165596871907, 0.5351148892062824, 0.6236304286465671, 0.5178034289332542, 0.14689294989094726, 0.9154668164957517, 0.12043925860571236, 0.6465693784690687, 0.6338717834830281], "par_y": [0.5724269817945304, 0.26968722703400594, 0.3789548903374498, 0.6697730990012103, 0.696562794791778, 0.8936126561142371, 0.46905220699765837, 0.5185621964105644, 0.5549876709547369, 0.025988473712676985], "par_q": [0.6255730948575379, 0.15043897231279335, 0.4554449866211828, 0.20951845574607242, 0.06435712333663257, 0.7725851855560524, 0.6689626429011696, 0.6137582106461932, 0.7897385907558776, 0.08523669725970728]}, "results": {"cost": [0.21021673178263753, 0.05847942490366575, 0.20278440415710333, 0.4176908848260644, 0.3606826036105133, 0.13126539911650492, 0.4294017307104526, 0.06245524647663818, 0.3588380334672002, 0.016473360182256352], "uncer": [0, 0, 0, 0, 0, 0, 0, 0, 0, 0], "bad": [true, true, true, true, true, true, true, true, true, true]}}