{"time": [0.0, 0.010101010101010102, 0.020202020202020204, 0.030303030303030304, 0.04040404040404041, 0.05050505050505051, 0.06060606060606061, 0.07070707070707072, 0.08080808080808081, 0.09090909090909091, 0.10101010101010102, 0.11111111111111112, 0.12121212121212122, 0.13131313131313133, 0.14141414141414144, 0.15151515151515152, 0.16161616161616163, 0.17171717171717174, 0.18181818181818182, 0.19191919191919193, 0.20202020202020204, 0.21212121212121213, 0.22222222222222224, 0.23232323232323235, 0.24242424242424243, 0.25252525252525254, 0.26262626262626265, 0.27272727272727276, 0.2828282828282829, 0.29292929292929293, 0.30303030303030304, 0.31313131313131315, 0.32323232323232326, 0.33333333333333337, 0.3434343434343435, 0.3535353535353536, 0.36363636363636365, 0.37373737373737376, 0.38383838383838387, 0.393939393939394, 0.4040404040404041, 0.4141414141414142, 0.42424242424242425, 0.43434343434343436, 0.4444444444444445, 0.4545454545454546, 0.4646464646464647, 0.4747474747474748, 0.48484848484848486, 0.494949494949495, 0.5050505050505051, 0.5151515151515152, 0.5252525252525253, 0.5353535353535354, 0.5454545454545455, 0.5555555555555556, 0.5656565656565657, 0.5757575757575758, 0.5858585858585859, 0.595959595959596, 0.6060606060606061, 0.6161616161616162, 0.6262626262626263, 0.6363636363636365, 0.6464646464646465, 0.6565656565656566, 0.6666666666666667, 0.6767676767676768, 0.686868686868687, 0.696969696969697, 0.7070707070707072, 0.7171717171717172, 0.7272727272727273, 0.7373737373737375, 0.7474747474747475, 0.7575757575757577, 0.7676767676767677, 0.7777777777777778, 0.787878787878788, 0.797979797979798, 0.8080808080808082, 0.8181818181818182, 0.8282828282828284, 0.8383838383838385, 0.8484848484848485, 0.8585858585858587, 0.8686868686868687, 0.8787878787878789, 0.888888888888889, 0.8989898989898991, 0.9090909090909092, 0.9191919191919192, 0.9292929292929294, 0.9393939393939394, 0.9494949494949496, 0.9595959595959597, 0.9696969696969697, 0.9797979797979799, 0.98989898989899, 1.0], "parameters": {"par_x": [-0.5561000670676612, -1.6085276110508029, 1.8994628390244621, -1.0694401535061748, -0.22851230745906972, 0.5908853499323177, 1.1227520384716883, -0.7091892689009653, 0.16846141801779665, 0.21462239868468155, 0.5219818580298562, 1.1781920009523934, -0.4094243539928671, -0.6595772161635927, -0.31065427810232776, 0.7460253021722724, -0.45549823454771365, -0.40373069026116193, -1.3582900867775158, -1.5093006010441528, 0.3461924139991869, -0.5216214332676191, -2.049798724761003, 0.10690736801733436, -0.9569944689146647, 0.40586370982223086, -1.5641364497092922, -0.2784896877516729, -0.16303546229051705, -1.7346330111806696, 0.4192467682791146, -0.4729520200696972, 0.049364861382398685, 1.1698287542272132, -0.9305817119635639, -0.21942917885163712, -0.23747446884561316, -0.8957318161344635, 2.3059093942577635, 0.16502995850836924, -0.7653582064250259, -1.3051798453857033, -1.4044028249602512, 0.42375251928920954, 1.5676794245213608, -0.9077865744092654, 0.1444405839358726, 0.21630828818504919, -2.3548617104279295, 0.42010069032560804, 0.7254411515978489, 2.077344099079784, 0.22956837519402795, -0.5690439360143503, 0.4652292891657516, -0.0721734887096928, -0.14001293745631369, 0.13823219092355307, -0.5311360268321431, -0.008382226395804465, -0.0724523912754721, -0.7298408265640945, 0.4823574296195101, -0.5428996142740429, 1.57848000889171, -0.44129545090810884, -0.3789715244881298, -1.7067441681029105, -0.18863840331573828, -0.5621934692705485, -1.212435366079455, -0.5314377832886034, 1.9503985091071234, -0.0783267823416242, 0.9145485517080048, -0.8482437598288594, -0.17944186807456883, -0.47134309529940555, 0.7944662963936534, -3.1367196559911767, -0.47321651517439756, -0.4784183870483974, -0.8589481045021758, 0.620761230016023, -1.7207013533428988, 0.9815587051934711, 0.5687437813194454, -0.31701480462062204, -0.7407725623858514, 1.1203337216511373, 0.3313784781629849, 0.7191926401424922, -0.12360401450853199, 0.04918403025184366, 0.011917960062299159, -1.1496828520015803, 0.3892340185423354, -0.4784756531529391, 0.6589878685248416, -1.2962146331505209], "par_y": [-0.5555842406103317, -0.10593638526039845, -1.112271344647761, -0.15584199516488922, 1.3001359587964014, -1.1939290400670313, 0.11756180045424669, -0.5540118886717684, 0.07823498948763707, 0.43061255718881075, 0.10234462842564615, 0.7521432779415285, -0.7749500966428111, -0.09801096997732757, 0.136859968974574, -1.3434827029830483, 1.3262869853697092, 2.2629114923204483, 1.131073801863364, 0.34657605785371376, -0.9401648803116311, -0.45173876170525123, -1.2614351534867492, 1.5246536063447336, -0.44805848432202444, -0.30023669075204984, 1.2809551399336205, -1.020138729034721, -0.09878497209375915, -0.22486018365038185, 0.4006133630623387, -0.7664067693566131, -0.658304857723709, 0.2303127522141839, 0.22870436421379783, -0.8488392115247501, 1.508373192880365, 1.0880650892070771, 0.18436119417850497, -0.792134048301785, -0.41885534809028485, -1.2689501186205923, 0.9329881841035702, 1.0316140767923714, 0.6217680653203056, 0.021577606192395314, -0.7057327936853939, 0.6798892330812981, 0.5364647789353645, 2.0217018463408585, -1.956700753917154, -0.5416672613267123, -0.38961217023948647, 0.1335842053281293, 1.9285492463957479, -1.5844168410033341, -0.4762431207800484, 0.0016567689638805414, 1.0488275043418926, 0.2137562069668663, 0.17498747419370428, 1.1227231238060336, 1.6160395469711677, -0.7678034899853255, 0.5094748291883195, 0.360672381201548, -0.13421102315238506, 0.227178799111109, 1.3240868073766656, 0.8227905640475279, 0.047416950863995964, 0.24791278943408204, -1.1939798560159824, -0.508855786909963, -0.7922910863630105, 0.9367236500697629, 0.08743430319310787, 0.5558922031811856, -0.5550426945880215, 0.8127987522832276, -1.0148721308320356, 0.9548742286219953, 1.102581528764608, -0.3936420720655847, -0.19695678365050145, -0.2918521773711755, 0.44219447100971654, -1.013066318490271, -2.079712059860371, -1.668066316339873, 0.23051225328548283, -0.3342918649097023, -0.1692264429615892, -0.5546304756324691, -1.5492375206123674, 1.5149511258188675, -0.839968971555801, 1.8158846962174768, -1.2362776831520856, -0.10573210523485514],